Abraham Trust,partnered,Geoffrey Jenkinson
Benjamin Bishop Johnson,appraised_art_for,David Swetnam
Donald Hales,appraised_art_for,Leonardo Patterson
Giacomo Medici,appraised_art_for,Nikolas Koutoulakis
Jack Ogden,appraised_art_for,Michael Ward Gallery
Joel Malter,appraised_art_for,Robert Olson
John Betts,appraised_art_for,Michael Ward Gallery
Paul Clifford,appraised_art_for,Leonardo Patterson
Roxanna Brown,appraised_art_for,Jonathan and Cari Markell
Edward Johnson,caught_by,Immigration and Customs Enforcement
Giacomo Medici,caught_by,Carabinieri
Dikran Sarrafian,authenticated,Euphronios ( Sarpedon ) krater
Paul Clifford,authenticated,Precolumbian art
Barry MacLean,acquired,Ban Chiang pottery
Berry & Stark Associates,acquired,El Zotz Wooden Lintel
Art Gallery of New South Wales,acquired,dragon ewers
British Museum,acquired,dragon ewers
Nelson Rockefeller,acquired,Loma Negra
Peter G Wray,acquired,mask made of fuschite depicting the sun god
Michigan-based Orpheus Art,acquired,Predynastic opium poppy vase
Robin Symes,acquired,Morgantina Venus
Michael Ward Gallery,acquired,sealstones
Leon Levy,acquired,second Euphronios krater
Shelby White,acquired,second Euphronios krater
J Paul Getty Museum,acquired,"Fifth-century BC Attic red-figured kylix, signed by Euphronios as potter and painted by Onesimos "
J Paul Getty Museum,acquired,Second century AD copy of a head of Diadoumenos by Polykleitos
Metropolitan Museum of Art,acquired,Euphronios ( Sarpedon ) krater
Museum für Indische Kunst,acquired,Uma Maheshwar
Provincial Archaeological Museum,acquired,Silver Hoard of Everbeek
Sweden,acquired,totem pole
J Paul Getty Museum,acquired,red-figure krater by Asteas
Metropolitan Museum of Art,bought_from,Alan C Lapiner
Museum of Primitive Art,bought_from,Alan C Lapiner
British Museum,bought_from,Alistair McAlpine
Detroit Institute of Art,bought_from,André Emmerich
J Paul Getty Museum,bought_from,Antike Kunst Palladion
Art Consultancy,bought_from,Anton Tkalec
Antonio ‘Nino' Savoca,bought_from,Luigi Coppola
Barbara Fleischman,bought_from,Robin Symes
J Paul Getty Museum,bought_from,Barbara Fleischman
Benjamin Bishop Johnson,bought_from,Michael Kelly
Benjamin Bishop Johnson,bought_from,David Swetnam
Charles Craig,bought_from,David Swetnam
Dietrich von Bothmer,bought_from,Robert Hecht
Enrico Poli,bought_from,Pereda
Fleischman Collection,bought_from,Atlantis Antiquities
Fleischman Collection,bought_from,Fritz Bürki
Fred Drew,bought_from,Pereda
Frieda Tchacos,bought_from,Antonio ‘Nino' Savoca
Hoi An,bought_from,Captain Trang
Jean Aurance,bought_from,Pierre Langlois
Marquess of Northampton,bought_from,Korban and Tkalec
Maurice Tempelsman,bought_from,Robin Symes
Michael Rockefeller,bought_from,Andre Emmerich Gallery
Nelson Rockefeller,bought_from,Everett Rassiga
Pierre Langlois,bought_from,Earl Stendahl
Antiquaria Romana,belonged_to,Giacomo Medici
Robert Olson,bought_from,Thailand
Robin Symes,bought_from,Renzo Canavesi
Ted Wiener,bought_from,Clive Hollinshead
J Paul Getty Museum,bought_from,Frieda Tchacos
J Paul Getty Museum,bought_from,Hydra Gallery
J Paul Getty Museum,bought_from,Samuel Schweitzer
Robert Hecht,bought_from,Dikran Sarrafian
Robin Symes,bought_from,a collector from Chiasso
Everett Rassiga,implicated_with,Josué Sáenz
John Cummings,implicated_with,Alistair McAlpine
John Cummings,implicated_with,Christie's
Orazio di Simone,implicated_with,Renzo Canavesi
Arts Franc,accepted_material_from,Giacomo Medici
Pasquale Camera,implicated_with,Gianfranco Becchina
Pasquale Camera,implicated_with,Robert Hecht
Vasek Polak,implicated_with,Samuel Schweitzer
Giacomo Medici,consigned_through,Arts Franc
Giacomo Medici,consigned_through,Christian Boursaud
Giacomo Medici,consigned_through,Mat Securitas
Giacomo Medici,consigned_through,Sotheby's
Giacomo Medici,consigned_through,Tecafin Fiduciaire
Giacomo Medici,consigned_through,Geneva-based Editions Services
Israeli private collection,consigned_through,Christie's
Moche pieces,consigned_through,David Bernstein
Peter G Wray,consigned_through,Andre Emmerich's New York Gallery
sarcophagus,consigned_through,Editions Services
Euphronios ( Sarpedon ) krater,created_by,Euphronios
Euphronios ( Sarpedon ) krater,created_by,Euxitheos
Armand Labbé,curator_of,Bowers Museum
Cornelius C Vermeule III,curator_of,Boston Museum of Fine Arts
Julie Jones,curator_of,Museum of Primitive Art
Larisa Zavadskaya,curator_of,Hermitage
Marion True,curator_of,J Paul Getty Museum
Roxanna Brown,curator_of,Bangkok University's Southeast Asian Ceramics Museum
Sue McGovern,curator_of,Sands of Time
Michael Kelly,director_of,Art Collections Conservation Network
Berry & Stark Associates,gave,El Zotz Wooden Lintel
Michael Ward,gave,SPGH
Barbara Fleischman,gave,Fleischman Collection
Lawrence Fleischman,gave,Fleischman Collection
a vase,donated_to,Mint Museum of Art
a vase,donated_to,Nasher Museum of Art
Alfonso Medellín Zenil,donated_to,Museum of Anthropology
Berry & Stark Associates,donated_to,Denver Art Museum
Bonhams,donated_to,Egyptian Embassy
Charles Craig,donated_to,Santa Barbara Museum of Art
Galerie Nefer,donated_to,J Paul Getty Museum
Gordon McClendon,donated_to,J Paul Getty Museum
Jonathan and Cari Markell,donated_to,Los Angeles County Museum of Art
Leon Levy,donated_to,Boston Museum of Fine Arts
Michael Milken,donated_to,J Paul Getty Museum
Michael Rockefeller,donated_to,Museum of Primitive Art
Michael Webb,donated_to,Elizabeth Shee Twohig
Nelson Rockefeller,donated_to,Museum of Primitive Art
Shelby White,donated_to,Museum of Fine Arts
Silver Hoard of Everbeek,donated_to,Provincial Archaeological Museum
Museum of Primitive Art,donated_to,Metropolitan Museum of Art
El Zotz Wooden Lintel,donated_to,Denver Art Museum
Antalya Museum,exhibited,Weary Herakles
Barbier-Mueller Pre-Columbian Art Museum,exhibited,mask made of fuschite depicting the sun god
Metropolitan Museum of Art,exhibited,Weary Herakles
Germany,home_of,Anton Roeckl
Las Limas,home_of,Rosa Manuel Pascual
New York,home_of,David Bernstein
Peru,home_of,Raúl Apesteguía
Antike Kunst Palladion,implicated_by,Medici Polaroid
Arts Franc,belonged_to,Giacomo Medici
Barbara Fleischman,implicated_by,Medici Polaroid
Asia,looted_by,Giacomo Medici
Fritz Bürki,implicated_by,Medici Polaroid
Maurice Tempelsman,implicated_by,Medici Polaroid
Atlantis Antiquities,implicated_by,Giacomo Medici
Robin Symes,implicated_by,Medici Polaroid
Rycroft Collection,implicated_by,Medici Polaroid
Samuel Schweitzer,implicated_by,Medici Polaroid
Gianfranco Becchina,implicated_by,Medici Polaroid
Pasquale Camera,implicated_by,Medici Polaroid
Carabinieri,investigated,Marion True
Departamento de Monumentos Arqueológicos,investigated,Dos Cabezas
Immigration and Customs Enforcement,investigated,Phoenix Ancient Art
Carabinieri,investigated,Giuseppe Mascara
Luc Watrin,investigated,Bonhams
New York Times,investigated,Edward Merrin
Flanders Heritage Agency,investigated,Velzeke Provincial Archaeological Museum
Metropolitan Museum of Art,investigated,Dikran Sarrafian
Supreme Court,investigated,Michael Webb
United States Customs,investigated,Sotheby's
US Homeland Security,investigated,John Eskenazi
Captain Trang,stole,Cu Lao Cham
Everett Rassiga,stole,Placeres
Giacomo Medici,stole,Euphronios ( Sarpedon ) krater
Jorge Alamilla,stole,Machaquilá Stela 2
Julio Ullilén,stole,Laguna de los Cóndores
Larisa Zavadskaya,looted_from,Hermitage
Nikolay Zavadsky,looted_from,Hermitage
Occupants of the modern village of,stole,Ban Chiang
Pablo Soldi,stole,Ica Valley
Pereda,stole,Sipán
baby-face figure,looted_from,Las Bocas
Captain Trang,stole,Hoi An
Morgantina Venus,looted_from,Morgantina
El Zotz Wooden Lintel,looted_from,El Zotz
El Zotz Wooden Lintel,looted_from,Temple 1
"Fifth-century BC Attic red-figured kylix, signed by Euphronios as potter and painted by Onesimos ",looted_from,Cerveteri
Moche pieces,looted_from,Dos Cabezas
Moche headdress,looted_from,La Mina
mosaic floor,looted_from,Zeugma
Olmec,looted_from,Las Bocas
red sandstone figure of a Jina,looted_from,Vilasgarh temple
red-on-buff decorated pottery,looted_from,Ban Chiang
sacred textiles,looted_from,Coroma
sarcophagus,looted_from,San Saba
sculptural material,looted_from,Xultún
sculptures,looted_from,Hindu
statuary,looted_from,Zeugma
Stela 3,looted_from,Xultún
Aidonia_Greece Treasure,looted_from,Aidonia_Greece
Weary Herakles,looted_from,Perge
torso of a second century AD statue of the god,looted_from,Italian Giustiniani Collection
Uma Maheshwar,looted_from,Wotol
Vicús,looted_from,Loma Negra
Michael Ward Gallery,offered_for_sale,Mycenaean objects
Alberto Luna,operated_in,Mexico
André Emmerich,operated_in,New York
Antonio ‘Nino' Savoca,operated_in,Munich
Bobbyo Imports,operated_in,Bangkok
Bobbyo Imports,operated_in,Chiang Mai
Bobbyo Imports,operated_in,Los Angeles
Bobbyo Imports,operated_in,Singapore
Christian Boursaud,operated_in,Geneva
Clive Hollinshead,operated_in,Miami
DR Bhandarkar,operated_in,Atru
Edward Merrin,operated_in,New York
Vaman Ghiya,operated_in,India
Giacomo Medici,operated_in,Rome
Giacomo Medici,operated_in,Switzerland
Glenn Rittenour,operated_in,Milwaukee
Harry Brown,operated_in,Helena
Leonardo Patterson,operated_in,New York
Olof Hansson,operated_in,British Columbia
Olof Hansson,operated_in,Sweden
Orazio di Simone,operated_in,Sicily
Orazio di Simone,operated_in,Switzerland
Renzo Canavesi,operated_in,Switzerland
Robert Hecht,operated_in,Switzerland
Robert Hecht,operated_in,United States
Robert Olson,operated_in,Los Angeles
Robert Olson,operated_in,Thailand
Robin Symes,operated_in,London
Roger Cornelius Russell Yorke,operated_in,Truro
Stanley Boggs,operated_in,El Salvador
Steve Bourget,operated_in,Dos Cabezas
Swiss Air,operated_in,JFK Airport
United States,operated_in,Udon
Athens,origin_for,Euphronios ( Sarpedon ) krater
La Mina,origin_for,Moche pieces
Loma Negra,origin_for,Moche pieces
Puebla,origin_for,Olmec
Sicyon,origin_for,Lyssipos
Jonathan and Cari Markell,owned,Silk Roads Gallery
Christian Boursaud,owned,Hydra Gallery
eBay,owned,Butterfields
Edward Merrin,owned,El Zotz Wooden Lintel
Fritz Bürki,owned,Atlantis Antiquities
Vaman Ghiya,owned,Artistic Imports Corporation )
Vaman Ghiya,owned,Cape Lion Logging
Vaman Ghiya,owned,Megavena
Giacomo Medici,owned,Antiquaria Romana
Giacomo Medici,owned,Arts Franc
Giacomo Medici,owned,Geneva
Giacomo Medici,owned,Hydra Gallery
Giacomo Medici,owned,Mat Securitas
Giacomo Medici,owned,Tecafin Fiduciaire
Giacomo Medici,owned,Geneva-based Editions Services
Gianfranco Becchina,owned,Antike Kunst Palladion
Justin Kerr,owned,Maya Vase Database
Marquis of Tavistock,owned,Toi moko
Michael Ward,owned,Michael Ward Gallery
Ong Soo Hin,owned,Saga Horizon
Peter Wilson,owned,Art Consultancy
Peter Wilson,owned,Rainer Zietz
Robert Olson,owned,Bobbyo Imports
Robert Olson,owned,warehouse
Marquess of Northampton,owned,Sevso Treasure
Edward Merrin,owned,Merrin Gallery
Caballo Pintado,part_of,Las Bocas
El Zotz,part_of,San Miguel la Palotada National Park
Flanders,part_of,Belgium
Temple 1,part_of,El Zotz
Zona Arqueológica Cerro Dos Cabezas,part_of,Jequetepeque Valley
Anton Tkalec,possessed,Sevso Plate
Orazio di Simone,possessed,Morgantina Venus
PIASA,possessed,alabaster duck vessels
Barry Stern,president_of,Hillwood Museum
Mariane Yaldiz,president_of,Museum für Indische Kunst
Michael Kelly,president_of,Art Collections Conservation Network
Riddi Pradhan,president_of,Department of Archaeology
Thomas Hoving,president_of,Metropolitan Museum of Art
Charles Craig,raided_by,United States Customs
Geneva,raided_by,Carabinieri
Geneva storerooms,raided_by,Carabinieri
Giacomo Medici,raided_by,Carabinieri
Robert Hecht,raided_by,Carabinieri
Roger Cornelius Russell Yorke,raided_by,Royal Canadian Mounted Police
Sotheby's,raided_by,United States Customs
Steven Berger,raided_by,United States Customs
André Emmerich,refused,Ed Dwyer
Glenn Rittenour,refused,Ed Dwyer
Leonardo Patterson,refused,Ed Dwyer
Marjorie Neikrug,refused,Ed Dwyer
Brooklyn Museum,refused,Ed Dwyer
Denver Art Museum,refused,Harry Brown
Edward Johnson,related_to,Joseph Garner
Harry Brown,related_to,Johnnie Brown Fell
Marquess of Northampton,related_to,Abraham Trust
Jacqueline Swetnam,relationship_with,David Swetnam
Larisa Zavadskaya,relationship_with,Nikolay Zavadsky
Shelby White,relationship_with,Leon Levy
Barbara Fleischman,relationship_with,Lawrence Fleischman
Lawrence Fleischman,relationship_with,Barbara Fleischman
alabaster duck vessels,repatriated_to,Egypt
Ballcourt Marker,repatriated_to,Guatemala
Morgantina Venus,repatriated_to,Italy
Dynasty Tomb of Mutirdis,repatriated_to,Egypt
El Zotz Wooden Lintel,repatriated_to,Museo Nacional de Arqueología e Etnología
"Fifth-century BC Attic red-figured kylix, signed by Euphronios as potter and painted by Onesimos ",repatriated_to,Italy
El Zotz Wooden Lintel,repatriated_to,Guatemala
Macahquilá Stela 2,repatriated_to,Guatemala
Machaquilá Stela 5,repatriated_to,Guatemala
mosaic floor,repatriated_to,Gaziantep Museum
second Euphronios krater,repatriated_to,Italy
Sotheby's,repatriated_to,Chinese Embassy
Aidonia_Greece Treasure,repatriated_to,Greece
Boston Museum of Fine Arts,repatriated_to,Turkey
Euphronios ( Sarpedon ) krater,repatriated_to,Villa Giulia
Weary Herakles,repatriated_to,National Museum
totem pole,repatriated_to,Canada
Uma Maheshwar,repatriated_to,Nepal
Uma Maheshwar,repatriated_to,Patan Museum
unprovenienced vessel,repatriated_to,Morley Museum
Weary Herakles,repatriated_to,Antalya
Abraham Trust,acted_for,Marquess of Northampton
Abraham Trust,acted_for,Peter Wilson
Abraham Trust,acted_for,Philip Wilson
Abraham Trust,acted_for,Rainer Zietz
Abraham Trust,acted_for,Tom Wilson
Christie's,returned,alabaster duck vessels
Rupert Wace,returned,Egyptian
Sweden,returned,totem pole
Boston Museum of Fine Arts,returned,Weary Herakles
Denver Art Museum,returned,El Zotz Wooden Lintel
J Paul Getty Museum,returned,Morgantina Venus
J Paul Getty Museum,returned,"Fifth-century BC Attic red-figured kylix, signed by Euphronios as potter and painted by Onesimos "
Vaman Ghiya,smuggled,red sandstone figure of a Jina
Giacomo Medici,smuggled,"Fifth-century BC Attic red-figured kylix, signed by Euphronios as potter and painted by Onesimos "
Harry Brown,smuggled,Machaquilá Stela 5
Leonardo Patterson,smuggled,Precolumbian figurines
Leonardo Patterson,smuggled,sea turtle eggs
Orazio di Simone,smuggled,Morgantina Venus
Roger Cornelius Russell Yorke,smuggled,sacred textiles
Steven Berger,smuggled,sacred textiles
Anton Roeckl,smuggled_antiquities_from,Dos Cabezas
David Swetnam,smuggled_antiquities_from,Peru
Giacomo Medici,smuggled_antiquities_from,Asia
Giacomo Medici,smuggled_antiquities_from,Egypt
Giacomo Medici,smuggled_antiquities_from,Greece
Giacomo Medici,smuggled_antiquities_from,Italy
Giacomo Medici,smuggled_antiquities_from,Syria
Japanese dealers,smuggled_antiquities_from,Vietnam
Vaman Ghiya,smuggled_antiquities_through,Geneva
Leonardo Patterson,smuggled_antiquities_through,Spain
Michael Kelly,smuggled_antiquities_through,Los Angeles International Airport
Miguel de Osma Berckemeyer,smuggled_antiquities_through,London
Occupants of the modern village of Ban Chiang,smuggled_antiquities_through,Udon
David Swetnam,smuggled_antiquities_through,Bolivia
David Swetnam,smuggled_antiquities_through,Canada
David Swetnam,smuggled_antiquities_through,Vancouver
Ed Dwyer,smuggled_antiquities_to,Clive Hollinshead
Ed Dwyer,smuggled_antiquities_to,New York
Giacomo Medici,smuggled_antiquities_to,Switzerland
Harry Brown,smuggled_antiquities_to,Clive Hollinshead
Johnnie Brown Fell,smuggled_antiquities_to,Clive Hollinshead
Johnnie Brown Fell,smuggled_antiquities_to,New York
Leonardo Patterson,smuggled_antiquities_to,Munich
Steven Berger,smuggled_antiquities_to,Roger Cornelius Russell Yorke
David Swetnam,smuggled_antiquities_to,United States
Edward Merrin,sold,El Zotz Wooden Lintel
Frieda Tchacos,sold,"Fifth-century BC Attic red-figured kylix, signed by Euphronios as potter and painted by Onesimos "
Leonardo Patterson,sold,El Manatí Style Busts
Leonardo Patterson,sold,fake monumental head
Leonardo Patterson,sold,figural carvings
Michael Ward Gallery,sold,gold jewelry
Raúl Apesteguía,sold,Moche pieces
Robert Olson,sold,archaeological artefacts
Hydra Gallery,sold,"Fifth-century BC Attic red-figured kylix, signed by Euphronios as potter and painted by Onesimos "
Gianfranco Becchina,sold,red-figure krater by Asteas
Robert Olson,sold_antiquities_from,Asia
Robert Olson,sold_antiquities_from,Thailand
Captain Trang,sold_antiquities_in,Hoi An
Barry Stern,consigned_through,Christie's
Vaman Ghiya,consigned_through,Christie's
Vaman Ghiya,sold_antiquities_in,London
Vaman Ghiya,sold_antiquities_in,New York
Vaman Ghiya,consigned_through,Sotheby's
Guy Loudmer,consigned_through,Hôtel des Ventes
Hervé Poulin,consigned_through,Hôtel des Ventes
Hoi An ceramics,consigned_through,eBay
John Eskenazi,consigned_through,Arts of Asia
Joseph Garnish,consigned_through,Bonhams
Marquis of Tavistock,consigned_through,Bonhams
Marquis of Tavistock,consigned_through,Sotheby's
Michael Ward,consigned_through,Michael Ward Gallery
Ong Soo Hin,consigned_through,Butterfields
Phoenix Ancient Art,consigned_through,Sotheby's
Robert Olson,consigned_through,eBay
Sotheby's,sold_antiquities_in,London
Sotheby's,sold_antiquities_in,New York
Metropolitan Museum of Art,consigned_through,Sotheby's
Gianfranco Becchina,consigned_through,Sotheby's
Gianfranco Becchina,consigned_through,Christie's
Butterfields,sold_antiquities_to,"""a Denver museum"""
Butterfields,sold_antiquities_to,"""a Los Angeles museum"""
Butterfields,sold_antiquities_to,"""a Phoenix museum"""
Butterfields,sold_antiquities_to,"""a Santa Barbara museum"""
Butterfields,sold_antiquities_to,"""a Seattle museum"""
Butterfields,sold_antiquities_to,Art Gallery of New South Wales
Butterfields,sold_antiquities_to,British Museum
Dietrich von Bothmer,sold_antiquities_to,J Paul Getty Museum
Dikran Sarrafian,sold_antiquities_to,Leon Levy
Ed Dwyer,sold_antiquities_to,Clive Hollinshead
Ed Dwyer,sold_antiquities_to,Harry Brown
Edward Merrin,sold_antiquities_to,Barbara Fleischman
Edward Merrin,sold_antiquities_to,Berry & Stark Associates
Emil Bernal,sold_antiquities_to,Pereda
Fred Drew,sold_antiquities_to,Miguel de Osma Berckemeyer
Frederick Schultz,sold_antiquities_to,J Paul Getty Museum
Fritz Bürki,sold_antiquities_to,J Paul Getty Museum
Galerie Nefer,sold_antiquities_to,J Paul Getty Museum
Giacomo Medici,sold_antiquities_to,Barbara Fleischman
Giacomo Medici,sold_antiquities_to,George Ortiz
Giacomo Medici,sold_antiquities_to,Hunt brothers
Giacomo Medici,sold_antiquities_to,José Luis Várez Fisa
Giacomo Medici,sold_antiquities_to,Lawrence Fleischman
Giacomo Medici,sold_antiquities_to,Leon Levy
Giacomo Medici,sold_antiquities_to,Maurice Tempelsman
Giacomo Medici,sold_antiquities_to,Robert Hecht
Giacomo Medici,sold_antiquities_to,Shelby White
Giacomo Medici,sold_antiquities_to,Boston Museum of Fine Arts
Giacomo Medici,sold_antiquities_to,Cleveland Museum of Art
Giacomo Medici,sold_antiquities_to,J Paul Getty Museum
Giacomo Medici,sold_antiquities_to,Metropolitan Museum of Art
Halim Korban,sold_antiquities_to,Art Consultancy
Harry Brown,sold_antiquities_to,Clive Hollinshead
James Garriock,sold_antiquities_to,John Cummings
Jane Costello Goldberg,sold_antiquities_to,Metropolitan Museum of Art
Jane Costello Goldberg,sold_antiquities_to,Museum of Primitive Art
Jorge Alamilla,sold_antiquities_to,Ed Dwyer
Jorge Alamilla,sold_antiquities_to,Johnnie Brown Fell
Juan Luis Pereira,sold_antiquities_to,Metropolitan Museum of Art
Juan Luis Pereira,sold_antiquities_to,Museum of Primitive Art
Larisa Zavadskaya,sold_antiquities_to,Alexander Yerofeyev
Leon J Buki,sold_antiquities_to,Metropolitan Museum of Art
Leon J Buki,sold_antiquities_to,Museum of Primitive Art
Leon Levy,sold_antiquities_to,Shelby White
Leonardo Patterson,sold_antiquities_to,Wayne Anderson
Mansur Mokhtarzade,sold_antiquities_to,Art Consultancy
Maurice Tempelsman,sold_antiquities_to,J Paul Getty Museum
Nikolas Koutoulakis,sold_antiquities_to,Robert Hecht
Ong Soo Hin,sold_antiquities_to,Butterfields
Pablo Soldi,sold_antiquities_to,Paul Truel
Pablo Soldi,sold_antiquities_to,American Museum of Natural History
Pereda,sold_antiquities_to,Fred Drew
Pereda,sold_antiquities_to,Enrico Poli
PIASA,sold_antiquities_to,Rupert Wace
Renzo Canavesi,sold_antiquities_to,Robin Symes
Robert Hecht,sold_antiquities_to,Dietrich von Bothmer
Robert Hecht,sold_antiquities_to,Boston Museum of Fine Arts
Robert Hecht,sold_antiquities_to,J Paul Getty Museum
Robert Olson,sold_antiquities_to,Barry MacLean
Robert Olson,sold_antiquities_to,Jonathan and Cari Markell
Robert Olson,sold_antiquities_to,MacLean
Robin Symes,sold_antiquities_to,J Paul Getty Museum
Sands of Time,sold_antiquities_to,Wallis Gallery
Sezai Portakalci,sold_antiquities_to,Joel Malter
Royal Athena Galleries,sold_antiquities_to,J Paul Getty Museum
Stendahl Galleries,sold_antiquities_to,Minneapolis Institute of Arts
Gianfranco Becchina,sold_antiquities_to,Ashmolean Museum
Gianfranco Becchina,sold_antiquities_to,Princeton University Art Museum
Gianfranco Becchina,sold_antiquities_to,Toledo Museum of Art
Gianfranco Becchina,sold_antiquities_to,J Paul Getty Museum
Gianfranco Becchina,sold_antiquities_to,George Ortiz
Gianfranco Becchina,sold_antiquities_to,Leon Levy
Gianfranco Becchina,sold_antiquities_to,Shelby White
Gianfranco Becchina,sold_antiquities_to,Merrin Gallery
Gianfranco Becchina,sold_antiquities_to,Noriyoshi Horiuchi
Gianfranco Becchina,sold_antiquities_to,Dietrich von Bothmer
Gianfranco Becchina,sold_antiquities_to,Metropolitan Museum of Art
Noriyoshi Horiuchi,sold_antiquities_to,Miho Museum
Edward Johnson,stationed_in,Cairo
Luigi Coppola,stole,Melfi vases
Niels Heidenreich,stole,Golden Horns
Leonardo Patterson,stole,El Manatí
Vaman Ghiya,stored_antiquities_in,Delhi
Vaman Ghiya,stored_antiquities_in,Jaipur
Vaman Ghiya,stored_antiquities_in,Mathura
Giacomo Medici,stored_antiquities_in,Geneva storerooms
Nikolay Zavadsky,stored_antiquities_in,Finlyandskiy
David Swetnam,stored_antiquities_in,United Kingdom
Marquess of Northampton,sued,Peter Mimpriss
alabaster duck vessels,taken_from,Saqqara
Egyptian artefacts,taken_from,Hillwood Museum
Las Limas Monument 1,taken_from,Xalapa
Second century AD copy of a head of Diadoumenos by Polykleitos,taken_from,excavation storeroom at Venosa
Señor de Las Limas,taken_from,Museum of Anthropology
Euphronios ( Sarpedon ) krater,taken_from,Cerveteri
western-most ( farthest right ) maithuna,taken_from,Atru
Vicús,transfered_to,Metropolitan Museum of Art
David Swetnam,wanted_by,United States Customs
Alexander Yerofeyev,was_in,St Petersburg
Chester Gorman,was_in,Ban Chiang
Enrico Poli,was_in,Trujillo
Larisa Zavadskaya,was_in,Finland
Maya pottery,was_in,Museum of Fine Arts
Ong Soo Hin,was_in,Perth
Phoenix Ancient Art,was_in,New York
Robert Olson,was_in,Thailand
Roger Cornelius Russell Yorke,was_in,South America
Sylvanus Morley,was_in,Cancuén
Sylvanus Morley,was_in,Xultún
Vaman Ghiya,was_in,Delhi
Vaman Ghiya,was_in,Jaipur
Vaman Ghiya,was_in,Mathura
Vladimir Mefty,was_in,London
Morgantina Venus,shipped_to,Switzerland
El Zotz Wooden Lintel,shipped_to,United States
Euphronios ( Sarpedon ) krater,shipped_to,Switzerland
red-on-buff decorated pottery,shipped_to,United States
Salvadoran antiquities,shipped_to,Japan
Salvadoran antiquities,shipped_to,Saudi Arabia
Salvadoran antiquities,shipped_to,United States
Señor de Las Limas,shipped_to,San Antonio
western-most ( farthest right ) maithuna,shipped_to,Hong Kong
western-most ( farthest right ) maithuna,shipped_to,Thailand
Anne-Louise Schaffer,worked_for,Museum of Primitive Art
Brendan Lynch,worked_for,Sotheby's
Charles Craig,worked_for,Crocker Bank
Chester Gorman,worked_for,University of Pennsylvania
Christian Boursaud,worked_for,Hydra Gallery
Curator of Provenance,worked_for,Boston Museum of Fine Arts
Dietrich von Bothmer,worked_for,Metropolitan Museum of Art
DR Bhandarkar,worked_for,Archaeological Survey of India
Dyfri Williams,worked_for,British Museum
Edward Johnson,worked_for,US Army
Elizabeth Shee Twohig,worked_for,University College Cork
Fine Arts Services,worked_for,Miguel de Osma Berckemeyer
Fred Drew,worked_for,David Swetnam
Frieda Tchacos,worked_for,Galerie Nefer
Fritz Bürki,worked_for,Robert Hecht
Gaston Wallace,worked_for,United States Customs
Jack Ogden,worked_for,Cambridge Centre for Precious Metal Research
Joel Malter,worked_for,Malter Galleries
Juan Pedro Laporte,worked_for,Proyecto Nacional Tikal
Kirit L Mankodi,worked_for,Indian High Commissions
Mensun Bound,worked_for,Oxford University-based
Michael Kelly,worked_for,David Swetnam
Muriel Newman,worked_for,Dikran Sarrafian
Olof Hansson,worked_for,Museum of Ethnography
Peter Mimpriss,worked_for,Marquess of Northampton
Peter Mimpriss,worked_for,Peter Wilson
Peter Wilson,worked_for,Sotheby's
Piotr Jaxa,worked_for,Rolex Awards Website
Ramiz Rizk,worked_for,Abraham Trust
Robert P Mitchell,worked_for,Boston Museum of Fine Arts
Román Piña Chan,worked_for,National Museum of Anthropology
Sezai Portakalci,worked_for,Incirlik Air Base
Stephen Houston,worked_for,Proyecto Arqueológico El Zotz
Trinh Cao Tuong,worked_for,Vietnamese Institute of Archaeology
Vladimir Mefty,worked_for,CID
William Bullard,worked_for,University of Florida
William Grimes,worked_for,New York Times
William Saturno,worked_for,Boston University
Yakov Chernikov,worked_for,Russian State Archive of Literature and Art
Raffaele Monticelli,worked_for,Gianfranco Becchina
Alexander Yerofeyev,partnered,Larisa Zavadskaya
Anne-Louise Schaffer,partnered,Julie Jones
Anton Tkalec,partnered,Halim Korban
Anton Tkalec,partnered,Mansur Mokhtarzade
Armand Labbé,partnered,Robert Olson
Art Loss Register,partnered,Immigration and Customs Enforcement
Barbara Fleischman,bought_from,Giacomo Medici
Art Loss Register,partnered,Sands of Time
Benjamin Bishop Johnson,partnered,David Swetnam
Benjamin Bishop Johnson,partnered,Michael Kelly
Bill Verick,partnered,Jordan Eth
Bill Verick,partnered,Michael Ratner
Bolivia,partnered,United States
Bolivian National Archives,partnered,Cristina Bubba
Brendan Lynch,partnered,Vaman Ghiya
Cambridge Centre for Precious Metal Research,partnered,Jack Ogden
Carl Cuthe,partnered,Sylvanus Morley
Christian Boursaud,partnered,Giacomo Medici
Clive Hollinshead,partnered,Johnnie Fell
Clive Hollinshead,partnered,Jorge Alamilla
Cristina Bubba,partnered,Bolivian National Archives
Danilo Zicchi,partnered,Pasquale Camera
David Swetnam,partnered,Michael Kelly
David Swetnam,partnered,Miguel de Osma Berckemeyer
David Swetnam,partnered,Benjamin Bishop Johnson
David Swetnam,partnered,Fred Drew
Denver Art Museum,partnered,Museo Nacional de Arqueología e Etnología
Dikran Sarrafian,partnered,Robert Hecht
Elie Borowsky,partnered,Gianfranco Becchina
Elie Borowsky,partnered,Noriyoshi Horiuchi
Elizabeth Shee Twohig,partnered,National Museum of Ireland
Emil Bernal,partnered,Pereda
Fred Drew,partnered,David Swetnam
Fred Drew,partnered,Miguel de Osma Berckemeyer
Frieda Tchacos,partnered,Giacomo Medici
Frieda Tchacos,partnered,Pasquale Camera
Fritz Bürki,partnered,Robert Hecht
Geoffrey Jenkinson,partnered,Abraham Trust
Giacomo Medici,partnered,Frieda Tchacos
Giacomo Medici,partnered,Hischam Aboutaam
Giacomo Medici,partnered,Nikolas Koutoulakis
Giacomo Medici,partnered,Robert Hecht
Giacomo Medici,partnered,Robin Symes
Giacomo Medici,partnered,Christian Boursaud
Gianfranco Becchina,alias,Anna Spinello
Gianfranco Becchina,partnered,Mario Bruno
Gianfranco Becchina,partnered,Elie Borowsky
Gianfranco Becchina,partnered,Robert Hecht
Gianfranco Becchina,partnered,Rosie Becchina
Halim Korban,partnered,Mansur Mokhtarzade
Halim Korban,partnered,Anton Tkalec
Hischam Aboutaam,partnered,Giacomo Medici
Immigration and Customs Enforcement,partnered,Art Loss Register
Indian High Commissions,partnered,Rajan Mathai
Jack Ogden,partnered,Cambridge Centre for Precious Metal Research
James Garriock,partnered,Terry Rossiter
Joel Malter,partnered,Susan Lerer
Joel Malter,partnered,Robert Olson
John Betts,partnered,Michael Ward Gallery
Johnnie Fell,partnered,Clive Hollinshead
Marion True,worked_for,Jiri Frel
Marion True,worked_for,J Paul Getty Museum
J Paul Getty Museum,acquired,Fleischman Collection
Christos Michaelides,relationship_with,Robin Symes
J Paul Getty Museum,bought_from,Robin Symes
Marion True,implicated_with,Barbara Fleischman
Marion True,implicated_with,Lawrence Fleischman
Marion True,received_antiquities_from,Robert Hecht
Boston Museum of Fine Arts,bought_from,Giacomo Medici
Marion True,implicated_with,Robert Hecht
Carabinieri,arrested,Giacomo Medici
Anna Spinello,alias,Gianfranco Becchina
David Swetnam,hired,Benjamin Bishop Johnson
Leonardo Patterson,hired,Donald Hales
Carabinieri,raided,Giacomo Medici
Michael Ward Gallery,hired,Jack Ogden
Robert Olson,hired,Joel Malter
Michael Ward Gallery,hired,John Betts
Leonardo Patterson,hired,Paul Clifford
Jonathan and Cari Markell,hired,Roxanna Brown
Immigration and Customs Enforcement,arrested,Edward Johnson
Jonathan and Cari Markell,partnered,Robert Olson
Euphronios ( Sarpedon ) krater,verified_by,Dikran Sarrafian
Precolumbian art,verified_by,Paul Clifford
Ban Chiang pottery,purchased_by,Barry MacLean
El Zotz Wooden Lintel,purchased_by,Berry & Stark Associates
dragon ewers,purchased_by,Art Gallery of New South Wales
dragon ewers,purchased_by,British Museum
Loma Negra,purchased_by,Nelson Rockefeller
mask made of fuschite depicting the sun god,purchased_by,Peter G Wray
Predynastic opium poppy vase,purchased_by,Michigan-based Orpheus Art
Morgantina Venus,purchased_by,Robin Symes
sealstones,purchased_by,Michael Ward Gallery
second Euphronios krater,purchased_by,Leon Levy
second Euphronios krater,purchased_by,Shelby White
"Fifth-century BC Attic red-figured kylix, signed by Euphronios as potter and painted by Onesimos ",purchased_by,J Paul Getty Museum
Euphronios ( Sarpedon ) krater,purchased_by,Metropolitan Museum of Art
Uma Maheshwar,purchased_by,Museum für Indische Kunst
Silver Hoard of Everbeek,purchased_by,Provincial Archaeological Museum
totem pole,purchased_by,Sweden
red-figure krater by Asteas,purchased_by,J Paul Getty Museum
Alan C Lapiner,sold_antiquities_to,Metropolitan Museum of Art
Alan C Lapiner,sold_antiquities_to,Museum of Primitive Art
Alistair McAlpine,sold_antiquities_to,British Museum
André Emmerich,sold_antiquities_to,Detroit Institute of Art
Antike Kunst Palladion,sold_antiquities_to,J Paul Getty Museum
Anton Tkalec,sold_antiquities_to,Art Consultancy
Luigi Coppola,sold_antiquities_to,Antonio ‘Nino' Savoca
Robin Symes,sold_antiquities_to,Barbara Fleischman
Barbara Fleischman,sold_antiquities_to,J Paul Getty Museum
Michael Kelly,sold_antiquities_to,Benjamin Bishop Johnson
David Swetnam,sold_antiquities_to,Benjamin Bishop Johnson
David Swetnam,sold_antiquities_to,Charles Craig
Atlantis Antiquities,sold_antiquities_to,Fleischman Collection
Fritz Bürki,sold_antiquities_to,Fleischman Collection
Antonio ‘Nino' Savoca,sold_antiquities_to,Frieda Tchacos
Captain Trang,sold_antiquities_to,Hoi An
Pierre Langlois,sold_antiquities_to,Jean Aurance
Korban and Tkalec,sold_antiquities_to,Marquess of Northampton
Robin Symes,sold_antiquities_to,Maurice Tempelsman
Andre Emmerich Gallery,sold_antiquities_to,Michael Rockefeller
Everett Rassiga,sold_antiquities_to,Nelson Rockefeller
Earl Stendahl,sold_antiquities_to,Pierre Langlois
Thailand,sold_antiquities_to,Robert Olson
Clive Hollinshead,sold_antiquities_to,Ted Wiener
Frieda Tchacos,sold_antiquities_to,J Paul Getty Museum
Hydra Gallery,sold_antiquities_to,J Paul Getty Museum
Samuel Schweitzer,sold_antiquities_to,J Paul Getty Museum
Dikran Sarrafian,sold_antiquities_to,Robert Hecht
a collector from Chiasso,sold_antiquities_to,Robin Symes
Josué Sáenz,implicated_with,Everett Rassiga
Alistair McAlpine,implicated_with,John Cummings
Christie's,implicated_with,John Cummings
Renzo Canavesi,implicated_with,Orazio di Simone
Giacomo Medici,implicated_with,Pasquale Camera
Gianfranco Becchina,implicated_with,Pasquale Camera
Robert Hecht,implicated_with,Pasquale Camera
Samuel Schweitzer,implicated_with,Vasek Polak
Christian Boursaud,accepted_material_from,Giacomo Medici
Cleveland Museum of Art,bought_from,Giacomo Medici
E Pfuhl,implicated_by,Giacomo Medici
Egypt,looted_by,Giacomo Medici
Euphronios ( Sarpedon ) krater,looted_by,Giacomo Medici
"Fifth-century BC Attic red-figured kylix, signed by Euphronios as potter and painted by Onesimos ",looted_by,Giacomo Medici
Christie's,accepted_material_from,Israeli
David Bernstein,accepted_material_from,Moche pieces
Andre Emmerich's New York Gallery,accepted_material_from,Peter G Wray
Editions Services,accepted_material_from,sarcophagus
Euphronios,made,Euphronios ( Sarpedon ) krater
Euxitheos,made,Euphronios ( Sarpedon ) krater
Bowers Museum,employed,Armand Labbé
Boston Museum of Fine Arts,employed,Cornelius C Vermeule III
Museum of Primitive Art,employed,Julie Jones
Hermitage,employed,Larisa Zavadskaya
J Paul Getty Museum,employed,Marion True
Bangkok University's Southeast Asian Ceramics Museum,employed,Roxanna Brown
Sands of Time,employed,Sue McGovern
Art Collections Conservation Network,employed,Michael Kelly
El Zotz Wooden Lintel,given_by,Berry & Stark Associates
SPGH,given_by,Michael Ward
Fleischman Collection,given_by,Barbara Fleischman
Fleischman Collection,given_by,Lawrence Fleischman
Mint Museum of Art,possessed,a vase
Nasher Museum of Art,possessed,a vase
Museum of Anthropology,received_antiquities_from,Alfonso Medellín Zenil
Denver Art Museum,received_antiquities_from,Berry & Stark Associates
Egyptian Embassy,received_antiquities_from,Bonhams
Santa Barbara Museum of Art,received_antiquities_from,Charles Craig
J Paul Getty Museum,received_antiquities_from,Galerie Nefer
J Paul Getty Museum,received_antiquities_from,Gordon McClendon
Los Angeles County Museum of Art,received_antiquities_from,Jonathan and Cari Markell
Boston Museum of Fine Arts,received_antiquities_from,Leon Levy
J Paul Getty Museum,received_antiquities_from,Michael Milken
Museum of Primitive Art,received_antiquities_from,Michael Rockefeller
Elizabeth Shee Twohig,received_antiquities_from,Michael Webb
Museum of Primitive Art,received_antiquities_from,Nelson Rockefeller
Museum of Fine Arts,received_antiquities_from,Shelby White
Provincial Archaeological Museum,received_antiquities_from,Silver Hoard of Everbeek
Metropolitan Museum of Art,received_antiquities_from,Museum of Primitive Art
Denver Art Museum,received_antiquities_from,El Zotz Wooden Lintel
Weary Herakles,displayed_at,Antalya Museum
mask made of fuschite depicting the sun god,displayed_at,Barbier-Mueller Pre-Columbian Art Museum
Weary Herakles,displayed_at,Metropolitan Museum of Art
Anton Roeckl,lived_in,Germany
Rosa Manuel Pascual,lived_in,Las Limas
David Bernstein,lived_in,New York
Raúl Apesteguía,lived_in,Peru
Medici Polaroid,implicates,Antike Kunst Palladion
Giacomo Medici,implicates,Atlantis Antiquities
Medici Polaroid,implicates,Barbara Fleischman
Giacomo Medici,implicates,E Pfuhl
Medici Polaroid,implicates,Fritz Bürki
Medici Polaroid,implicates,Maurice Tempelsman
Giacomo Medici,implicated_by,Medici Polaroid
Medici Polaroid,implicates,Robin Symes
Medici Polaroid,implicates,Rycroft Collection
Medici Polaroid,implicates,Samuel Schweitzer
Medici Polaroid,implicates,Gianfranco Becchina
Medici Polaroid,implicates,Pasquale Camera
Marion True,probed_by,Carabinieri
Dos Cabezas,probed_by,Departamento de Monumentos Arqueológicos
Phoenix Ancient Art,probed_by,Immigration and Customs Enforcement
Giuseppe Mascara,probed_by,Carabinieri
Bonhams,probed_by,Luc Watrin
Edward Merrin,probed_by,New York Times
Velzeke Provincial Archaeological Museum,probed_by,Flanders Heritage Agency
Dikran Sarrafian,probed_by,Metropolitan Museum of Art
Michael Webb,probed_by,Supreme Court
Sotheby's,probed_by,United States Customs
John Eskenazi,probed_by,US Homeland Security
Cu Lao Cham,looted_by,Captain Trang
Placeres,looted_by,Everett Rassiga
Jordan Eth,partnered,Bill Verick
Machaquilá Stela 2,looted_by,Jorge Alamilla
Laguna de los Cóndores,looted_by,Julio Ullilén
Hermitage,looted_by,Larisa Zavadskaya
Hermitage,looted_by,Nikolay Zavadsky
Ban Chiang,looted_by,Occupants of the modern village of Ban Chiang
Ica Valley,looted_by,Pablo Soldi
Sipán,looted_by,Pereda
Las Bocas,origin_for,baby-face figure
Hoi An,looted_by,Captain Trang
Morgantina,origin_for,Morgantina Venus
El Zotz,origin_for,El Zotz Wooden Lintel
Temple 1,origin_for,El Zotz Wooden Lintel
Cerveteri,origin_for,"Fifth-century BC Attic red-figured kylix, signed by Euphronios as potter and painted by Onesimos "
Nepal,origin_for,Hindu
Dos Cabezas,origin_for,Moche pieces
La Mina,origin_for,Moche headdress
Zeugma,origin_for,mosaic floor
Las Bocas,origin_for,Olmec
Vilasgarh temple,origin_for,red sandstone figure of a Jina
Ban Chiang,origin_for,red-on-buff decorated pottery
Coroma,origin_for,sacred textiles
San Saba,origin_for,sarcophagus
Xultún,origin_for,sculptural material
Hindu,origin_for,sculptures
Zeugma,origin_for,statuary
Xultún,origin_for,Stela 3
Aidonia_Greece,origin_for,Aidonia_Greece Treasure
Perge,origin_for,Weary Herakles
Italian Giustiniani Collection,origin_for,torso of a second century AD statue of the god
Wotol,origin_for,Uma Maheshwar
Loma Negra,origin_for,Vicús
Mycenaean objects,consigned_through,Michael Ward Gallery
Mexico,base_for,Alberto Luna
New York,base_for,André Emmerich
Munich,base_for,Antonio ‘Nino' Savoca
Bangkok,base_for,Bobbyo Imports
Chiang Mai,base_for,Bobbyo Imports
Los Angeles,base_for,Bobbyo Imports
Singapore,base_for,Bobbyo Imports
Geneva,base_for,Christian Boursaud
Miami,base_for,Clive Hollinshead
Atru,base_for,DR Bhandarkar
New York,base_for,Edward Merrin
India,base_for,Vaman Ghiya
Geneva,belonged_to,Giacomo Medici
Geneva storerooms,base_for,Giacomo Medici
Milwaukee,base_for,Glenn Rittenour
Helena,base_for,Harry Brown
New York,base_for,Leonardo Patterson
British Columbia,base_for,Olof Hansson
Sweden,base_for,Olof Hansson
Sicily,base_for,Orazio di Simone
Switzerland,base_for,Orazio di Simone
Switzerland,base_for,Renzo Canavesi
Switzerland,base_for,Robert Hecht
United States,base_for,Robert Hecht
Los Angeles,base_for,Robert Olson
Thailand,base_for,Robert Olson
London,base_for,Robin Symes
Truro,base_for,Roger Cornelius Russell Yorke
El Salvador,base_for,Stanley Boggs
Dos Cabezas,base_for,Steve Bourget
JFK Airport,base_for,Swiss Air
Udon,base_for,United States
Euphronios ( Sarpedon ) krater,from_culture,Athens
Moche pieces,from_culture,La Mina
Moche pieces,from_culture,Loma Negra
Olmec,from_culture,Puebla
Lyssipos,from_culture,Sicyon
Silk Roads Gallery,belonged_to,Jonathan and Cari Markell
Hydra Gallery,belonged_to,Christian Boursaud
Butterfields,belonged_to,eBay
El Zotz Wooden Lintel,belonged_to,Edward Merrin
Atlantis Antiquities,belonged_to,Fritz Bürki
Artistic Imports Corporation ),belonged_to,Vaman Ghiya
Cape Lion Logging,belonged_to,Vaman Ghiya
Megavena,belonged_to,Vaman Ghiya
Geneva-based Editions Services,accepted_material_from,Giacomo Medici
Geneva-based Editions Services,belonged_to,Giacomo Medici
George Ortiz,bought_from,Giacomo Medici
Greece,looted_by,Giacomo Medici
Jorge Alamilla,partnered,Clive Hollinshead
Hunt brothers,bought_from,Giacomo Medici
Hydra Gallery,belonged_to,Giacomo Medici
Antike Kunst Palladion,belonged_to,Gianfranco Becchina
Maya Vase Database,belonged_to,Justin Kerr
Toi moko,belonged_to,Marquis of Tavistock
Michael Ward Gallery,belonged_to,Michael Ward
Saga Horizon,belonged_to,Ong Soo Hin
Art Consultancy,belonged_to,Peter Wilson
Rainer Zietz,belonged_to,Peter Wilson
Bobbyo Imports,belonged_to,Robert Olson
warehouse,belonged_to,Robert Olson
Sevso Treasure,belonged_to,Marquess of Northampton
Merrin Gallery,belonged_to,Edward Merrin
Las Bocas,contains,Caballo Pintado
San Miguel la Palotada National Park,contains,El Zotz
Belgium,contains,Flanders
El Zotz,contains,Temple 1
Jequetepeque Valley,contains,Zona Arqueológica Cerro Dos Cabezas
Sevso Plate,held_by,Anton Tkalec
Morgantina Venus,held_by,Orazio di Simone
alabaster duck vessels,held_by,PIASA
Hillwood Museum,led_by,Barry Stern
Museum für Indische Kunst,led_by,Mariane Yaldiz
Art Collections Conservation Network,led_by,Michael Kelly
Department of Archaeology,led_by,Riddi Pradhan
Metropolitan Museum of Art,led_by,Thomas Hoving
United States Customs,raided,Charles Craig
Carabinieri,raided,Geneva
Carabinieri,raided,Geneva storerooms
Italy,looted_by,Giacomo Medici
Carabinieri,raided,Robert Hecht
Royal Canadian Mounted Police,raided,Roger Cornelius Russell Yorke
United States Customs,raided,Sotheby's
United States Customs,raided,Steven Berger
Ed Dwyer,rejected_by,André Emmerich
Ed Dwyer,rejected_by,Glenn Rittenour
Ed Dwyer,rejected_by,Leonardo Patterson
Ed Dwyer,rejected_by,Marjorie Neikrug
Ed Dwyer,rejected_by,Brooklyn Museum
Harry Brown,rejected_by,Denver Art Museum
Joseph Garner,related_to,Edward Johnson
Johnnie Brown Fell,related_to,Harry Brown
Abraham Trust,related_to,Marquess of Northampton
David Swetnam,relationship_with,Jacqueline Swetnam
Nikolay Zavadsky,relationship_with,Larisa Zavadskaya
Leon Levy,relationship_with,Shelby White
Egypt,regained,alabaster duck vessels
Guatemala,regained,Ballcourt Marker
Italy,regained,Morgantina Venus
Egypt,regained,Dynasty Tomb of Mutirdis
Museo Nacional de Arqueología e Etnología,regained,El Zotz Wooden Lintel
Italy,regained,"Fifth-century BC Attic red-figured kylix, signed by Euphronios as potter and painted by Onesimos "
Guatemala,regained,El Zotz Wooden Lintel
Guatemala,regained,Macahquilá Stela 2
Guatemala,regained,Machaquilá Stela 5
Gaziantep Museum,regained,mosaic floor
Italy,regained,second Euphronios krater
Chinese Embassy,regained,Sotheby's
Greece,regained,Aidonia_Greece Treasure
Turkey,regained,Boston Museum of Fine Arts
Villa Giulia,regained,Euphronios ( Sarpedon ) krater
National Museum,regained,Weary Herakles
Canada,regained,totem pole
Nepal,regained,Uma Maheshwar
Patan Museum,regained,Uma Maheshwar
Morley Museum,regained,unprovenienced vessel
Antalya,regained,Weary Herakles
Marquess of Northampton,represented_by,Abraham Trust
Peter Wilson,represented_by,Abraham Trust
Philip Wilson,represented_by,Abraham Trust
Rainer Zietz,represented_by,Abraham Trust
Tom Wilson,represented_by,Abraham Trust
alabaster duck vessels,returned_by,Christie's
Egyptian,returned_by,Rupert Wace
totem pole,returned_by,Sweden
Weary Herakles,returned_by,Boston Museum of Fine Arts
El Zotz Wooden Lintel,returned_by,Denver Art Museum
Morgantina Venus,returned_by,J Paul Getty Museum
"Fifth-century BC Attic red-figured kylix, signed by Euphronios as potter and painted by Onesimos ",returned_by,J Paul Getty Museum
red sandstone figure of a Jina,looted_by,Vaman Ghiya
J Paul Getty Museum,bought_from,Giacomo Medici
Machaquilá Stela 5,looted_by,Harry Brown
Precolumbian figurines,looted_by,Leonardo Patterson
sea turtle eggs,looted_by,Leonardo Patterson
Morgantina Venus,looted_by,Orazio di Simone
sacred textiles,looted_by,Roger Cornelius Russell Yorke
sacred textiles,looted_by,Steven Berger
Dos Cabezas,looted_by,Anton Roeckl
Peru,looted_by,David Swetnam
José Luis Várez Fisa,bought_from,Giacomo Medici
Lawrence Fleischman,bought_from,Giacomo Medici
Leon Levy,bought_from,Giacomo Medici
Marion True,received_antiquities_from,Giacomo Medici
Marion True,implicated_with,Giacomo Medici
Vietnam,looted_by,Japanese
Geneva,transit_point_for,Vaman Ghiya
Spain,transit_point_for,Leonardo Patterson
Los Angeles International Airport,transit_point_for,Michael Kelly
London,transit_point_for,Miguel de Osma Berckemeyer
Udon,transit_point_for,Occupants of the modern village of
Bolivia,transit_point_for,David Swetnam
Canada,transit_point_for,David Swetnam
Vancouver,transit_point_for,David Swetnam
Clive Hollinshead,transit_point_for,Ed Dwyer
New York,transit_point_for,Ed Dwyer
Mat Securitas,accepted_material_from,Giacomo Medici
Clive Hollinshead,transit_point_for,Harry Brown
Clive Hollinshead,transit_point_for,Johnnie Brown Fell
New York,transit_point_for,Johnnie Brown Fell
Munich,transit_point_for,Leonardo Patterson
Roger Cornelius Russell Yorke,transit_point_for,Steven Berger
United States,transit_point_for,David Swetnam
El Zotz Wooden Lintel,bought_from,Edward Merrin
"Fifth-century BC Attic red-figured kylix, signed by Euphronios as potter and painted by Onesimos ",bought_from,Frieda Tchacos
El Manatí Style Busts,bought_from,Leonardo Patterson
fake monumental head,bought_from,Leonardo Patterson
figural carvings,bought_from,Leonardo Patterson
gold jewelry,bought_from,Michael Ward Gallery
Moche pieces,bought_from,Raúl Apesteguía
archaeological artefacts,bought_from,Robert Olson
"Fifth-century BC Attic red-figured kylix, signed by Euphronios as potter and painted by Onesimos ",bought_from,Hydra Gallery
red-figure krater by Asteas,bought_from,Gianfranco Becchina
Asia,source_for,Robert Olson
Thailand,source_for,Robert Olson
Hoi An,base_for,Captain Trang
Christie's,auctioned_for,Barry Stern
Christie's,auctioned_for,Vaman Ghiya
London,auctioned_for,Vaman Ghiya
New York,auctioned_for,Vaman Ghiya
Sotheby's,auctioned_for,Vaman Ghiya
Mat Securitas,belonged_to,Giacomo Medici
Hôtel des Ventes,auctioned_for,Guy Loudmer
Hôtel des Ventes,auctioned_for,Hervé Poulin
eBay,auctioned_for,Hoi An ceramics
Arts of Asia,auctioned_for,John Eskenazi
Bonhams,auctioned_for,Joseph Garnish
Bonhams,auctioned_for,Marquis of Tavistock
Sotheby's,auctioned_for,Marquis of Tavistock
Michael Ward Gallery,auctioned_for,Michael Ward
Butterfields,auctioned_for,Ong Soo Hin
Sotheby's,auctioned_for,Phoenix Ancient Art
eBay,auctioned_for,Robert Olson
London,auctioned_for,Sotheby's
New York,auctioned_for,Sotheby's
Sotheby's,auctioned_for,Metropolitan Museum of Art
Sotheby's,auctioned_for,Gianfranco Becchina
Christie's,auctioned_for,Gianfranco Becchina
"""a Denver museum""",bought_from,Butterfields
"""a Los Angeles museum""",bought_from,Butterfields
"""a Phoenix museum""",bought_from,Butterfields
"""a Santa Barbara museum""",bought_from,Butterfields
"""a Seattle museum""",bought_from,Butterfields
Art Gallery of New South Wales,bought_from,Butterfields
British Museum,bought_from,Butterfields
J Paul Getty Museum,bought_from,Dietrich von Bothmer
Leon Levy,bought_from,Dikran Sarrafian
Clive Hollinshead,bought_from,Ed Dwyer
Harry Brown,bought_from,Ed Dwyer
Barbara Fleischman,bought_from,Edward Merrin
Berry & Stark Associates,bought_from,Edward Merrin
Pereda,bought_from,Emil Bernal
Miguel de Osma Berckemeyer,bought_from,Fred Drew
J Paul Getty Museum,bought_from,Frederick Schultz
J Paul Getty Museum,bought_from,Fritz Bürki
J Paul Getty Museum,bought_from,Galerie Nefer
Maurice Tempelsman,bought_from,Giacomo Medici
Medici Polaroid,implicates,Giacomo Medici
Metropolitan Museum of Art,bought_from,Giacomo Medici
Nikolas Koutoulakis,hired,Giacomo Medici
Julie Jones,partnered,Anne-Louise Schaffer
Pasquale Camera,implicated_with,Giacomo Medici
Robert Hecht,bought_from,Giacomo Medici
Larisa Zavadskaya,partnered,Nikolay Zavadsky
Larisa Zavadskaya,partnered,Alexander Yerofeyev
Rome,base_for,Giacomo Medici
Shelby White,bought_from,Giacomo Medici
Sotheby's,accepted_material_from,Giacomo Medici
Art Consultancy,bought_from,Halim Korban
Clive Hollinshead,bought_from,Harry Brown
John Cummings,bought_from,James Garriock
Metropolitan Museum of Art,bought_from,Jane Costello Goldberg
Museum of Primitive Art,bought_from,Jane Costello Goldberg
Ed Dwyer,bought_from,Jorge Alamilla
Johnnie Brown Fell,bought_from,Jorge Alamilla
Metropolitan Museum of Art,bought_from,Juan Luis Pereira
Museum of Primitive Art,bought_from,Juan Luis Pereira
Alexander Yerofeyev,bought_from,Larisa Zavadskaya
Metropolitan Museum of Art,bought_from,Leon J Buki
Museum of Primitive Art,bought_from,Leon J Buki
Shelby White,bought_from,Leon Levy
Wayne Anderson,bought_from,Leonardo Patterson
Art Consultancy,bought_from,Mansur Mokhtarzade
J Paul Getty Museum,bought_from,Maurice Tempelsman
Robert Hecht,bought_from,Nikolas Koutoulakis
Butterfields,bought_from,Ong Soo Hin
Paul Truel,bought_from,Pablo Soldi
American Museum of Natural History,bought_from,Pablo Soldi
Rupert Wace,bought_from,PIASA
Boston Museum of Fine Arts,bought_from,Robert Hecht
J Paul Getty Museum,bought_from,Robert Hecht
Barry MacLean,bought_from,Robert Olson
Jonathan and Cari Markell,bought_from,Robert Olson
MacLean,bought_from,Robert Olson
Wallis Gallery,bought_from,Sands of Time
Joel Malter,bought_from,Sezai Portakalci
J Paul Getty Museum,bought_from,Royal Athena Galleries
Minneapolis Institute of Arts,bought_from,Stendahl Galleries
Ashmolean Museum,bought_from,Gianfranco Becchina
Princeton University Art Museum,bought_from,Gianfranco Becchina
Toledo Museum of Art,bought_from,Gianfranco Becchina
J Paul Getty Museum,bought_from,Gianfranco Becchina
George Ortiz,bought_from,Gianfranco Becchina
Leon Levy,bought_from,Gianfranco Becchina
Shelby White,bought_from,Gianfranco Becchina
Merrin Gallery,bought_from,Gianfranco Becchina
Noriyoshi Horiuchi,bought_from,Gianfranco Becchina
Dietrich von Bothmer,bought_from,Gianfranco Becchina
Metropolitan Museum of Art,bought_from,Gianfranco Becchina
Miho Museum,bought_from,Noriyoshi Horiuchi
Cairo,base_for,Edward Johnson
Melfi vases,looted_by,Luigi Coppola
Golden Horns,looted_by,Niels Heidenreich
El Manatí,looted_by,Leonardo Patterson
Delhi,base_for,Vaman Ghiya
Jaipur,base_for,Vaman Ghiya
Mathura,base_for,Vaman Ghiya
Sotheby's,auctioned_for,Giacomo Medici
Finlyandskiy,base_for,Nikolay Zavadsky
United Kingdom,base_for,David Swetnam
Peter Mimpriss,sued_by,Marquess of Northampton
Saqqara,robbed_of,alabaster duck vessels
Hillwood Museum,robbed_of,Egyptian artefacts
Xalapa,robbed_of,Las Limas Monument 1
excavation storeroom,robbed_of,Second century AD copy of a head of Diadoumenos by Polykleitos
Museum of Anthropology,robbed_of,Señor de Las Limas
Cerveteri,robbed_of,Euphronios ( Sarpedon ) krater
Atru,robbed_of,western-most ( farthest right ) maithuna
Metropolitan Museum of Art,possessed,Vicús
United States Customs,investigated,David Swetnam
St Petersburg,base_for,Alexander Yerofeyev
Xultún,probed_by,Carnegie Institute
Ban Chiang,base_for,Chester Gorman
Trujillo,base_for,Enrico Poli
Finland,base_for,Larisa Zavadskaya
Museum of Fine Arts,possessed,Maya pottery
Perth,base_for,Ong Soo Hin
New York,base_for,Phoenix Ancient Art
South America,base_for,Roger Cornelius Russell Yorke
Cancuén,base_for,Sylvanus Morley
Xultún,base_for,Sylvanus Morley
London,base_for,Vladimir Mefty
Switzerland,transit_point_for,Morgantina Venus
United States,transit_point_for,El Zotz Wooden Lintel
Switzerland,transit_point_for,Euphronios ( Sarpedon ) krater
United States,transit_point_for,red-on-buff decorated pottery
Japan,transit_point_for,El Salvadore
Saudi Arabia,transit_point_for,El Salvadore
United States,transit_point_for,El Salvadore
San Antonio,transit_point_for,Señor de Las Limas
Hong Kong,transit_point_for,western-most ( farthest right ) maithuna
Thailand,transit_point_for,western-most ( farthest right ) maithuna
Museum of Primitive Art,employed,Anne-Louise Schaffer
Sotheby's,employed,Brendan Lynch
Crocker Bank,employed,Charles Craig
University of Pennsylvania,employed,Chester Gorman
Hydra Gallery,employed,Christian Boursaud
Boston Museum of Fine Arts,employed,Curator of Provenance
Metropolitan Museum of Art,employed,Dietrich von Bothmer
Archaeological Survey of India,employed,DR Bhandarkar
British Museum,employed,Dyfri Williams
US Army,employed,Edward Johnson
University College Cork,employed,Elizabeth Shee Twohig
Miguel de Osma Berckemeyer,employed,Fine Arts Services
David Swetnam,employed,Fred Drew
Galerie Nefer,employed,Frieda Tchacos
Robert Hecht,employed,Fritz Bürki
United States Customs,employed,Gaston Wallace
Cambridge Centre for Precious Metal Research,employed,Jack Ogden
Malter Galleries,employed,Joel Malter
Proyecto Nacional Tikal,employed,Juan Pedro Laporte
Indian High Commissions,employed,Kirit L Mankodi
Oxford University-based,employed,Mensun Bound
David Swetnam,employed,Michael Kelly
Dikran Sarrafian,employed,Muriel Newman
Museum of Ethnography,employed,Olof Hansson
Marquess of Northampton,employed,Peter Mimpriss
Peter Wilson,employed,Peter Mimpriss
Sotheby's,employed,Peter Wilson
Rolex Awards Website,employed,Piotr Jaxa
Abraham Trust,employed,Ramiz Rizk
Boston Museum of Fine Arts,employed,Robert P Mitchell
National Museum of Anthropology,employed,Román Piña Chan
Incirlik Air Base,employed,Sezai Portakalci
Proyecto Arqueológico El Zotz,employed,Stephen Houston
Vietnamese Institute of Archaeology,employed,Trinh Cao Tuong
CID,employed,Vladimir Mefty
University of Florida,employed,William Bullard
New York Times,employed,William Grimes
Boston University,employed,William Saturno
Russian State Archive of Literature and Art,employed,Yakov Chernikov
Gianfranco Becchina,employed,Raffaele Monticelli
Leonardo Patterson,partnered,Marjorie Neikrug
Luigi Coppola,partnered,Pasquale Camera
Mansur Mokhtarzade,partnered,Anton Tkalec
Mansur Mokhtarzade,partnered,Halim Korban
Mario Bruno,partnered,Gianfranco Becchina
Marjorie Neikrug,partnered,Leonardo Patterson
Mensun Bound,partnered,Ong Soo Hin
Michael Kelly,partnered,David Swetnam
Michael Kelly,partnered,Benjamin Bishop Johnson
Michael Ratner,partnered,Bill Verick
Michael Ward Gallery,partnered,John Betts
Miguel de Osma Berckemeyer,partnered,David Swetnam
Miguel de Osma Berckemeyer,partnered,Fred Drew
Ministry of Culture,partnered,Trinh Cao Tuong
Museo Nacional de Arqueología e Etnología,partnered,Denver Art Museum
National Museum of Ireland,partnered,Elizabeth Shee Twohig
Switzerland,base_for,Giacomo Medici
Switzerland,transit_point_for,Giacomo Medici
Syria,looted_by,Giacomo Medici
Tecafin Fiduciaire,accepted_material_from,Giacomo Medici
Tecafin Fiduciaire,belonged_to,Giacomo Medici
Nikolas Koutoulakis,partnered,Giacomo Medici
Nikolay Zavadsky,partnered,Larisa Zavadskaya
Noriyoshi Horiuchi,partnered,Elie Borowsky
Ong Soo Hin,partnered,Mensun Bound
Ong Soo Hin,partnered,Vietnamese Salvage Agency
Pasquale Camera,partnered,Frieda Tchacos
Pasquale Camera,partnered,Danilo Zicchi
Pasquale Camera,partnered,Luigi Coppola
Pereda,partnered,Emil Bernal
PIASA,partnered,Rupert Wace
Portakalci,partnered,US Air Force
Rajan Mathai,partnered,Indian High Commissions
Robert Hecht,partnered,Dikran Sarrafian
Robert Hecht,partnered,Fritz Bürki
Robert Hecht,partnered,Giacomo Medici
Robert Hecht,partnered,Gianfranco Becchina
Robert Olson,partnered,Armand Labbé
Robert Olson,partnered,Jonathan and Cari Markell
Robert Olson,partnered,Joel Malter
Robin Symes,partnered,Giacomo Medici
Roger Cornelius Russell Yorke,partnered,Steven Berger
Rosie Becchina,partnered,Gianfranco Becchina
Rupert Wace,partnered,PIASA
Sands of Time,partnered,Art Loss Register
Steven Berger,partnered,Roger Cornelius Russell Yorke
Susan Lerer,partnered,Joel Malter
Sylvanus Morley,partnered,Carl Cuthe
Terry Rossiter,partnered,James Garriock
Thai Fine Arts Department,partnered,University of Pennsylvania Museum
Trinh Cao Tuong,partnered,Ministry of Culture
Turkey,partnered,United States Customs
United States,partnered,Bolivia
University of Pennsylvania Museum,partnered,Thai Fine Arts Department
US Air Force,partnered,Portakalci
United States Customs,partnered,Turkey
Vaman Ghiya,partnered,Brendan Lynch
Vietnamese Salvage Agency,partnered,Ong Soo Hin
Jiri Frel,employed,Marion True
Fleischman Collection,purchased_by,J Paul Getty Museum
Robin Symes,relationship_with,Christos Michaelides
Barbara Fleischman,implicated_with,Marion True
Lawrence Fleischman,implicated_with,Marion True
Robert Hecht,sold_antiquities_to,Marion True
Giacomo Medici,sold_antiquities_to,Marion True
Robert Hecht,implicated_with,Marion True
Giacomo Medici,implicated_with,Marion True
Sotheby's,returned,Empress Dou Figurines